t,counts,true_signal,background,is_injected_anomaly,z_score,anom_z,anom_iso,anom_any
0,265,265.0,6.6828302478526584,0,3.2092681187985335,1,1,1
1,273,262.11761244164825,5.876009536255703,0,3.339601666783123,1,1,1
2,260,259.2810683150117,6.950270717483875,0,3.1278096513081652,1,1,1
3,254,256.48878405745637,7.064338829834728,0,3.0300594903197235,1,1,1
4,269,253.7391922651371,5.329378886807698,0,3.2744348927908282,1,1,1
5,263,251.03074385128377,5.718692295882609,0,3.176684731802386,1,1,1
6,240,248.36191018803908,6.576704241900371,0,2.8019757813466923,0,1,1
7,234,245.73118522544212,6.310254444593851,0,2.70422562035825,0,0,0
8,252,243.13708758122246,6.489919305497427,0,2.997476103323576,0,1,1
9,244,240.57816259515965,5.988173643455852,0,2.8671425553389867,0,1,1
10,218,238.0529843418655,7.027638784917697,0,2.4435585243890716,0,0,0
11,239,235.56015759597247,6.966675161257369,0,2.7856840878486184,0,1,1
12,221,233.09831974384554,6.53961841853673,0,2.4924336048832925,0,0,0
13,262,230.66614263609364,7.17634472418082,0,3.1603930383043126,1,1,1
14,222,228.26233437532255,6.780505605351228,0,2.5087252983813664,0,0,0
15,231,225.88564103376004,5.984424522270057,0,2.6553505398640294,0,0,0
16,230,223.5348482955811,6.721250470449499,0,2.6390588463659554,0,0,0
17,215,221.2087830189757,5.9246704395026,0,2.3946834438948508,0,1,1
18,232,218.9063147132296,7.027070180784364,0,2.671642233362103,0,0,0
19,231,216.62635692632642,6.470044453408248,0,2.6553505398640294,0,0,0
20,190,214.36786853883504,6.389082581872843,0,1.9873911064430092,0,0,0
21,220,212.12985496010614,6.091442273357635,0,2.476141911385219,0,0,0
22,234,209.91136922307965,7.233524803204418,0,2.70422562035825,0,0,0
23,226,207.71151297428736,6.407282310758719,0,2.573892072373661,0,0,0
24,366,205.52943735592942,6.2430033067021355,1,4.854729162103973,1,1,1
25,213,203.36434377720605,6.288719869707062,0,2.3621000568987034,0,1,1
26,201,201.21548457239527,6.819385511332009,0,2.1665997349218196,0,0,0
27,207,199.08216354348434,6.719266438618447,0,2.2643498959102613,0,1,1
28,199,196.96373638548496,6.747639566957593,0,2.134016347925672,0,0,0
29,207,194.85961099289037,6.75849260180473,0,2.2643498959102613,0,1,1
30,194,192.76924764606372,7.784988560522277,0,2.052557880435304,0,0,0
31,195,190.6921590766827,6.256150990169231,0,2.0688495739333774,0,0,0
32,199,188.62791041170127,6.192654362557078,0,2.134016347925672,0,0,0
33,183,186.57611899563062,6.0117363630512735,0,1.8733492519564936,0,0,0
34,196,184.5364540912776,6.869587653545297,0,2.0851412674314513,0,0,0
35,202,182.50863645941956,7.177383375632535,0,2.182891428419893,0,0,0
36,168,180.4924378182314,6.431631525407075,0,1.628973849485389,0,0,0
37,182,178.48768018361437,5.995906113822484,0,1.85705755845842,0,0,0
38,192,176.49423509191018,6.005311270585256,0,2.0199744934391566,0,0,0
39,175,174.5120227068089,6.89035567269482,0,1.7430157039719043,0,0,0
40,178,172.54101081258335,6.945952502722065,0,1.7918907844661254,0,0,0
41,174,170.58121369609938,6.825892560983117,0,1.7267240104738308,0,0,0
42,153,168.6326909203595,6.100694175626783,0,1.384598447014284,0,0,0
43,187,166.6955459926414,6.639296793840032,0,1.9385160259487884,0,0,0
44,166,164.76992493058594,6.570011485484437,0,1.5963904624892415,0,0,0
45,151,162.85601472987233,6.631213158037408,0,1.3520150600181366,0,0,0
46,176,160.95404173739544,7.022857266768914,0,1.759307397469978,0,0,0
47,182,159.06426993412043,6.634157329264809,0,1.85705755845842,0,0,0
48,176,157.1869991320442,6.907348137843137,0,1.759307397469978,0,0,0
49,151,155.3225630899327,6.5405474416933345,0,1.3520150600181366,0,0,0
50,176,153.47132755272833,6.67347163921399,0,1.759307397469978,0,0,0
51,159,151.63368821973893,6.878772935503124,0,1.482348608002726,0,0,0
52,174,149.8100686469138,5.6257065080866,0,1.7267240104738308,0,0,0
53,144,148.00091808870303,6.3081972701856195,0,1.237973205531621,0,0,0
54,147,146.20670928516063,6.2177764074243225,0,1.2868482860258421,0,0,0
55,143,144.42793620011045,6.116673291053995,0,1.2216815120335474,0,0,0
56,145,142.66511171632865,6.33491464926399,0,1.2542648990296947,0,0,0
57,165,140.91876529382043,7.396964786740638,0,1.5800987689911679,0,0,0
58,125,139.18944059737203,5.980501330584054,0,0.9284310290682216,0,0,0
59,152,137.4776930996484,7.080967012754888,0,1.3683067535162103,0,0,0
60,138,135.7840876661772,5.490278137030517,0,1.1402230445431791,0,0,0
61,147,134.1091961286114,6.299068982008535,0,1.2868482860258421,0,0,0
62,135,132.45359485270225,6.597651839063003,0,1.091347964048958,0,0,0
63,137,130.8178623074279,6.851733398815567,0,1.1239313510451054,0,0,0
64,131,129.2025766417274,6.926735947875713,0,1.0261811900566635,0,0,0
65,123,127.60831327526843,6.976008341119955,0,0.8958476420720742,0,0,0
66,131,126.03564250964607,6.290764956650937,0,1.0261811900566635,0,0,0
67,125,124.48512716635348,6.2225889244012595,0,0.9284310290682216,0,0,0
68,131,122.95732025779786,7.014785528754293,0,1.0261811900566635,0,0,0
69,145,121.45276269754658,6.385217405071031,0,1.2542648990296947,0,0,0
70,120,119.97198105588376,5.734588205997247,0,0.8469725615778533,0,0,0
71,125,118.51548536663744,5.820027671597912,0,0.9284310290682216,0,0,0
72,126,117.08376699109891,5.948328628399033,0,0.9447227225662952,0,0,0
73,116,115.6772965447034,6.798296446432259,0,0.7818057875855586,0,0,0
74,115,114.29652189197084,6.585455441642339,0,0.7655140940874849,0,0,0
75,134,112.94186621502311,6.914291212440661,0,1.0750562705508844,0,0,0
76,120,111.61372616079332,6.2436484121980795,0,0.8469725615778533,0,0,0
77,127,110.3124700718314,6.595123814646029,0,0.9610144160643689,0,0,0
78,121,109.03843630538319,6.875354236380402,0,0.863264255075927,0,0,0
79,131,107.79193164518091,6.314392076167857,0,1.0261811900566635,0,0,0
80,102,106.57322981013205,6.774065142534447,0,0.5537220786125274,0,0,0
81,96,105.38257006382985,6.1028444353600095,0,0.4559719176240855,0,0,0
82,136,104.220155928536,6.282167692060957,0,1.1076396575470318,0,0,0
83,107,103.08615400700108,6.2709572636010025,0,0.6351805461028958,0,0,0
84,134,101.9806929151962,5.782496212646576,0,1.0750562705508844,0,0,0
85,81,100.90386232872747,6.792183488471349,0,0.21159651515298064,0,0,0
86,86,99.85571214539542,6.218358595878366,0,0.29305498264334895,0,0,0
87,106,98.83625176604619,6.507496471236612,0,0.6188888526048221,0,0,0
88,82,97.84544949553889,6.788447995343545,0,0.2278882086510543,0,0,0
89,100,96.88323206532685,6.767918705617967,0,0.5211386916163802,0,0,0
90,109,95.94948427881955,6.899231065383672,0,0.667763933099043,0,0,0
91,95,95.04404878035749,6.440908709294346,0,0.4396802241260119,0,0,0
92,98,94.16672594829565,6.246021012773507,0,0.48855530462023283,0,0,0
93,99,93.31727391235373,6.452169073456161,0,0.5048469981183065,0,0,0
94,96,92.49540869505202,5.4875993396251825,0,0.4559719176240855,0,0,0
95,109,91.7008044767145,5.631732516546148,0,0.667763933099043,0,0,0
96,91,90.93309398318375,5.7063802325873585,0,0.37451345013371723,0,0,0
97,95,90.19186899505829,5.901651903439111,0,0.4396802241260119,0,0,0
98,88,89.47668097693128,6.739864536034062,0,0.3256383696394963,0,0,0
99,113,88.78704182478351,5.956712566783963,0,0.7329307070913377,0,0,0
100,93,88.12242472936069,6.273102467576366,0,0.40709683712986455,0,0,0
101,83,87.48226515304972,7.279536978671639,0,0.24417990214912796,0,0,0
102,64,86.86596191745956,6.286241617363144,0,-0.06536227431427152,0,0,0
103,97,86.2728783986099,6.942509341080252,0,0.47226361112215914,0,0,0
104,93,85.70234382633858,5.939829391994074,0,0.40709683712986455,0,0,0
105,103,85.15365468425432,6.376737465279422,0,0.5700137721106011,0,0,0
106,173,84.62607620628808,5.929986767053651,1,1.7104323169757571,0,0,0
107,80,84.11884396563225,6.2965801544596625,0,0.195304821654907,0,0,0
108,102,83.63116555160698,7.004184882474437,0,0.5537220786125274,0,0,0
109,223,83.16222232975184,5.463607746084591,1,2.52501699187944,0,0,0
110,86,82.7111712802161,6.760654186127514,0,0.29305498264334895,0,0,0
111,84,82.27714690930684,6.642641361399367,0,0.2604715956472016,0,0,0
112,91,81.85926322885594,6.143510026581923,0,0.37451345013371723,0,0,0
113,85,81.45661579788218,5.632365287366928,0,0.27676328914527526,0,0,0
114,71,81.06828382085587,6.543277704628322,0,0.04867958017224408,0,0,0
115,83,80.6933322967193,6.182304374561719,0,0.24417990214912796,0,0,0
116,76,80.33081421267958,6.639605726812823,0,0.13013804766261236,0,0,0
117,92,79.97977277666814,6.513111287314065,0,0.39080514363179086,0,0,0
118,82,79.6392436822574,7.461067334792549,0,0.2278882086510543,0,0,0
119,88,79.30825739973746,6.356386623516185,0,0.3256383696394963,0,0,0
120,73,78.985841486985,5.885901504426881,0,0.08126296716839139,0,0,0
121,75,78.67102291370416,6.6075653809737895,0,0.11384635416453871,0,0,0
122,157,78.36283039258372,6.631998010383059,1,1.4497652210065786,0,0,0
123,99,78.06029671089733,7.315512545144262,0,0.5048469981183065,0,0,0
124,86,77.76246105607332,7.001066747548747,0,0.29305498264334895,0,0,0
125,171,77.46837132877924,6.714122635489706,1,1.6778489299796098,0,0,0
126,87,77.17708643710088,7.377981734731737,0,0.3093466761414226,0,0,0
127,87,76.88767856544924,5.786742167406289,0,0.3093466761414226,0,0,0
128,75,76.59923541189906,6.1161490803501515,0,0.11384635416453871,0,0,0
129,75,76.31086238775072,5.944054435156685,0,0.11384635416453871,0,0,0
130,84,76.02168477321135,6.26611411810654,0,0.2604715956472016,0,0,0
131,86,75.73084982321329,5.673988311466215,0,0.29305498264334895,0,0,0
132,84,75.43752881752513,6.881090568088642,0,0.2604715956472016,0,0,0
133,82,75.14091904946513,6.366666381740736,0,0.2278882086510543,0,0,0
134,89,74.84024574769518,5.617516223298406,0,0.3419300631375699,0,0,0
135,78,74.53476392575965,5.890652551275475,0,0.16272143465875968,0,0,0
136,94,74.22376015423065,6.688108308470117,0,0.4233885306279382,0,0,0
137,86,73.90655425053585,7.002875940736629,0,0.29305498264334895,0,0,0
138,105,73.58250088177158,7.698038535015072,0,0.6025971591067484,0,0,0
139,73,73.2509910760424,8.248317479604397,0,0.08126296716839139,0,0,0
140,94,72.9114536381214,6.7486456599655975,0,0.4233885306279382,0,0,0
141,78,72.56335646548817,5.906277127980881,0,0.16272143465875968,0,0,0
142,89,72.20620776107512,5.220772231561215,0,0.3419300631375699,0,0,0
143,79,71.83955713933744,6.660626877406301,0,0.17901312815683335,0,0,0
144,84,71.46299662255541,6.0122353428138045,0,0.2604715956472016,0,0,0
145,79,71.07616152457867,6.250785643892189,0,0.17901312815683335,0,0,0
146,196,70.678731219533,6.132741920564115,1,2.0851412674314513,0,0,0
147,85,70.27042979332495,6.415525468150169,0,0.27676328914527526,0,0,0
148,69,69.8510265761026,7.139588138472586,0,0.016096193176096767,0,0,0
149,73,69.4203365541578,6.594229140467207,0,0.08126296716839139,0,0,0
150,88,68.97822066008649,6.404819097776787,0,0.3256383696394963,0,0,0
151,70,68.52458594035805,5.878607748304513,0,0.032387886674170425,0,0,0
152,76,68.05938559978195,5.495190233177386,0,0.13013804766261236,0,0,0
153,76,67.58261892269783,6.208215254556001,0,0.13013804766261236,0,0,0
154,73,67.09433107105389,6.467730469509008,0,0.08126296716839139,0,0,0
155,71,66.59461275987701,7.56075794814793,0,0.04867958017224408,0,0,0
156,61,66.08359981097462,6.578164712883732,0,-0.1142373548084925,0,0,0
157,77,65.5614725860427,7.089643706613835,0,0.14642974116068602,0,0,0
158,91,65.02845530068622,6.200422640876509,0,0.37451345013371723,0,0,0
159,57,64.48481522118496,5.789033740149785,0,-0.17940412880078713,0,0,0
160,81,63.930861746159714,5.920929942660577,0,0.21159651515298064,0,0,0
161,61,63.36694537561074,6.064864361278548,0,-0.1142373548084925,0,0,0
162,71,62.79345657010901,7.777081839461099,0,0.04867958017224408,0,0,0
163,62,62.2108245032231,6.0071679924653685,0,-0.09794566131041883,0,0,0
164,68,61.6195157105576,7.003093522241807,0,-0.00019550032197689128,0,0,0
165,71,61.02003263906321,5.958243693147784,0,0.04867958017224408,0,0,0
166,56,60.412912100552646,7.058943807724546,0,-0.1956958222988608,0,0,0
167,61,59.79872363361951,6.730970579663518,0,-0.1142373548084925,0,0,0
168,76,59.17806777840945,6.406017261405146,0,0.13013804766261236,0,0,0
169,84,58.55157426893185,6.47554248431874,0,0.2604715956472016,0,0,0
170,54,57.91990014782765,6.107127382742366,0,-0.22827920929500808,0,0,0
171,65,57.28372780872121,6.767643320889248,0,-0.04907058081619786,0,0,0
172,72,56.64376297148417,6.227009911795532,0,0.06497127367031774,0,0,0
173,122,56.000732595923004,5.764636541739651,1,0.8795559485740005,0,0,0
174,55,55.35538273957159,5.733237455408228,0,-0.21198751579693442,0,0,0
175,71,54.70847636542417,6.603552750633272,0,0.04867958017224408,0,0,0
176,67,54.06079110558138,7.4474547538462605,0,-0.01648719382005055,0,0,0
177,57,53.413116986903816,6.595994968144063,0,-0.17940412880078713,0,0,0
178,65,52.76625412487229,6.42881700433407,0,-0.04907058081619786,0,0,0
179,47,52.12101039194104,6.671495683761526,0,-0.3423210637815237,0,0,0
180,68,51.47819906674167,7.283601045024095,0,-0.00019550032197689128,0,0,0
181,55,50.83863647054762,6.631629500818314,0,-0.21198751579693442,0,0,0
182,50,50.20313959744499,6.253443661499758,0,-0.2934459832873027,0,0,0
183,53,49.57252374467293,7.163773226035933,0,-0.24457090279308175,0,0,0
184,50,48.94760014959735,6.7572538630769685,0,-0.2934459832873027,0,0,0
185,66,48.329173639763454,7.421453595197595,0,-0.03277888731812421,0,0,0
186,55,47.718040302437664,6.609940662333144,0,-0.21198751579693442,0,0,0
187,53,47.11498517999635,5.7653185809676994,0,-0.24457090279308175,0,0,0
188,51,46.52077999744856,5.679104480452601,0,-0.27715428978922907,0,0,0
189,44,45.93618092829206,7.49055675933875,0,-0.3911961442757447,0,0,0
190,52,45.361926404797984,7.534199432469978,0,-0.2608625962911554,0,0,0
191,43,44.798734978697155,6.392288472030439,0,-0.4074878377738183,0,0,0
192,44,44.24730323810432,6.270087607318407,0,-0.3911961442757447,0,0,0
193,63,43.708303786362535,7.376866575345321,0,-0.08165396781234517,0,0,0
194,51,43.18238328832017,5.8357725907739075,0,-0.27715428978922907,0,0,0
195,47,42.67016058936944,5.963163788626504,0,-0.3423210637815237,0,0,0
196,56,42.17222491237579,6.885996076813426,0,-0.1956958222988608,0,0,0
197,47,41.68913413741449,6.263236926284247,0,-0.3423210637815237,0,0,0
198,60,41.22141316900431,6.496926879967957,0,-0.13052904830656614,0,0,0
199,32,40.769552395288684,6.401934260885293,0,-0.5866964662526285,0,0,0
200,53,40.33400624336311,6.70254472927936,0,-0.24457090279308175,0,0,0
201,53,39.915191834684606,7.34448911678823,0,-0.24457090279308175,0,0,0
202,40,39.51348774422447,6.5543509441410475,0,-0.45636291826803926,0,0,0
203,75,39.12923286674276,6.886363275966115,1,0.11384635416453871,0,0,0
204,39,38.76272539326826,5.2698967393813865,0,-0.47265461176611295,0,0,0
205,44,38.41422190056724,6.470768958841929,0,-0.3911961442757447,0,0,0
206,36,38.08393655607413,5.994061837824278,0,-0.521529692260334,0,0,0
207,41,37.77204044044164,5.768712163745823,0,-0.44007122476996563,0,0,0
208,40,37.478660989545446,5.97310857984275,0,-0.45636291826803926,0,0,0
209,43,37.203881557451766,6.299525935579513,0,-0.4074878377738183,0,0,0
210,46,36.94774110152471,7.049541525413607,0,-0.35861275727959735,0,0,0
211,57,36.71023399051608,5.704164369356262,0,-0.17940412880078713,0,0,0
212,36,36.49130993614327,6.51837889555665,0,-0.521529692260334,0,0,0
213,50,36.290874048322905,6.209498339999853,0,-0.2934459832873027,0,0,0
214,41,36.10878701388942,6.303396143382823,0,-0.44007122476996563,0,0,0
215,44,35.944865398289174,7.101654695182763,0,-0.3911961442757447,0,0,0
216,39,35.79888206940433,6.822869262202356,0,-0.47265461176611295,0,0,0
217,40,35.67056674232615,7.302438864465646,0,-0.45636291826803926,0,0,0
218,40,35.559606643566184,6.407296592450059,0,-0.45636291826803926,0,0,0
219,46,35.46564729286644,6.082434432997578,0,-0.35861275727959735,0,0,0
220,52,35.38829340044835,6.3656847098717,0,-0.2608625962911554,0,0,0
221,45,35.32710987722299,6.645498074762733,0,-0.374904450777671,0,0,0
222,40,35.28162295517719,6.605944015072227,0,-0.45636291826803926,0,0,0
223,32,35.25132141484692,5.84936715665998,0,-0.5866964662526285,0,0,0
224,45,35.235657916497374,6.554293868976725,0,-0.374904450777671,0,0,0
225,45,35.23405043134429,6.6369369980833435,0,-0.374904450777671,0,0,0
226,40,35.24588376887768,8.010484422520353,0,-0.45636291826803926,0,0,0
227,38,35.2705111960855,7.626106766769002,0,-0.4889463052641866,0,0,0
228,33,35.307256144123635,5.988053989664708,0,-0.5704047727545549,0,0,0
229,33,35.35541399773883,6.327569983070495,0,-0.5704047727545549,0,0,0
230,44,35.414253962524604,5.621934798897798,0,-0.3911961442757447,0,0,0
231,35,35.48302100487726,6.1455757916219085,0,-0.5378213857584075,0,0,0
232,44,35.56093785932008,6.689363002154204,0,-0.3911961442757447,0,0,0
233,45,35.64720709767907,7.22351217253294,0,-0.374904450777671,0,0,0
234,45,35.74101325442479,6.062549697353835,0,-0.374904450777671,0,0,0
235,40,35.841525002340624,6.107512135959322,0,-0.45636291826803926,0,0,0
236,43,35.9478973725404,5.211626582156807,0,-0.4074878377738183,0,0,0
237,55,36.059274012737,6.402400447673055,0,-0.21198751579693442,0,0,0
238,38,36.174789477558555,5.862551352884262,0,-0.4889463052641866,0,0,0
239,42,36.293571544621706,6.1823363435803556,0,-0.423779531271892,0,0,0
240,39,36.41474355000069,5.973883533099447,0,-0.47265461176611295,0,0,0
241,48,36.53742673667817,6.443442467448466,0,-0.32602937028345,0,0,0
242,47,36.66074260952817,5.445362965186021,0,-0.3423210637815237,0,0,0
243,42,36.78381529036427,5.619772852765406,0,-0.423779531271892,0,0,0
244,48,36.905773866585484,7.777548267216979,0,-0.32602937028345,0,0,0
245,38,37.02575472697073,5.727546451235582,0,-0.4889463052641866,0,0,0
246,41,37.142903878207555,5.8419286529272165,0,-0.44007122476996563,0,0,0
247,37,37.25637923579433,7.6021481169927885,0,-0.5052379987622603,0,0,0
248,42,37.36535288302517,8.243040301544244,0,-0.423779531271892,0,0,0
249,51,37.46901329185479,5.797060022704795,0,-0.27715428978922907,0,0,0
250,50,37.56656749954474,6.279050625927182,0,-0.2934459832873027,0,0,0
251,38,37.65724323511437,6.704933330564305,0,-0.4889463052641866,0,0,0
252,44,37.740290989757256,7.537218586643355,0,-0.3911961442757447,0,0,0
253,31,37.814986025537735,5.9078857529430575,0,-0.6029881597507022,0,0,0
254,50,37.88063031685137,6.352833292434735,0,-0.2934459832873027,0,0,0
255,90,37.93655441931789,6.966402545637046,1,0.35822175663564354,0,0,0
256,35,37.982119260974,6.760859644679972,0,-0.5378213857584075,0,0,0
257,37,38.01671785084657,6.27430635726194,0,-0.5052379987622603,0,0,0
258,45,38.039776900213425,6.419706221290375,0,-0.374904450777671,0,0,0
259,47,38.05075835209857,5.675062514978011,0,-0.3423210637815237,0,0,0
260,45,38.04916081479985,6.357095753615201,0,-0.374904450777671,0,0,0
261,85,38.03452089551096,6.340167505994627,1,0.27676328914527526,0,0,0
262,43,38.00641443037293,6.639301933775753,0,-0.4074878377738183,0,0,0
263,93,37.96445760757493,6.1668036687085905,1,0.40709683712986455,0,0,0
264,52,37.90830798041703,6.782923113527083,0,-0.2608625962911554,0,0,0
265,41,37.83766536754951,7.107629490691897,0,-0.44007122476996563,0,0,0
266,51,37.75227263791271,6.59325759660108,0,-0.27715428978922907,0,0,0
267,54,37.65191637821745,6.7110538450395225,0,-0.22827920929500808,0,0,0
268,53,37.536427441128296,6.5318932085467205,0,-0.24457090279308175,0,0,0
269,36,37.40568137263883,6.500050635854849,0,-0.521529692260334,0,0,0
270,31,37.2595987174597,6.067065179874292,0,-0.6029881597507022,0,0,0
271,80,37.0981452015742,6.689896557003985,1,0.195304821654907,0,0,0
272,46,36.92133179145348,6.441628040951906,0,-0.35861275727959735,0,0,0
273,37,36.729214629761316,7.755900985358357,0,-0.5052379987622603,0,0,0
274,52,36.52189484771698,7.444012941485146,0,-0.2608625962911554,0,0,0
275,44,36.29951825462349,6.7315079315339,0,-0.3911961442757447,0,0,0
276,32,36.062274905404315,6.042165674183139,0,-0.5866964662526285,0,0,0
277,46,35.81039854732731,5.832553116809949,0,-0.35861275727959735,0,0,0
278,48,35.544165947424815,7.214685771853319,0,-0.32602937028345,0,0,0
279,47,35.26389610244676,6.657649535088283,0,-0.3423210637815237,0,0,0
280,39,34.96994933350512,6.7880860420349665,0,-0.47265461176611295,0,0,0
281,34,34.662726267884764,5.453248407815485,0,-0.5541130792564812,0,0,0
282,32,34.34266671080461,7.056463088934908,0,-0.5866964662526285,0,0,0
283,34,34.01024841021498,6.772652202928618,0,-0.5541130792564812,0,0,0
284,46,33.66598571801058,5.833741589351313,0,-0.35861275727959735,0,0,0
285,42,33.31042815132193,6.217085115530031,0,-0.423779531271892,0,0,0
286,38,32.944158857822664,6.658230322613912,0,-0.4889463052641866,0,0,0
287,33,32.56779298925292,6.531480079013746,0,-0.5704047727545549,0,0,0
288,41,32.18197598761091,6.324697288517867,0,-0.44007122476996563,0,0,0
289,43,31.78738178870414,6.437907039160423,0,-0.4074878377738183,0,0,0
290,39,31.384710947978263,6.348813573075868,0,-0.47265461176611295,0,0,0
291,41,30.97468869375493,6.5915375072614815,0,-0.44007122476996563,0,0,0
292,38,30.55806291320888,7.3828951837958945,0,-0.4889463052641866,0,0,0
293,34,30.13560207659879,4.960004935441221,0,-0.5541130792564812,0,0,0
294,43,29.708093105436255,6.357889841294189,0,-0.4074878377738183,0,0,0
295,34,29.276339190430402,6.605907452823468,0,-0.5541130792564812,0,0,0
296,36,28.8411575651838,6.67759639381226,0,-0.521529692260334,0,0,0
297,36,28.40337724173661,6.276851251207226,0,-0.521529692260334,0,0,0
298,22,27.963836714160486,5.44596693051285,0,-0.7496134012333651,0,0,0
299,29,27.523381636491326,6.696797290228465,0,-0.6355715467468496,0,0,0
300,37,27.082862481360788,7.536410128498511,0,-0.5052379987622603,0,0,0
301,40,26.643132185738875,5.579683157050318,0,-0.45636291826803926,0,0,0
302,33,26.20504379023579,7.018296808218913,0,-0.5704047727545549,0,0,0
303,21,25.769448078428702,6.302884866126264,0,-0.7659050947314388,0,0,0
304,33,25.3371912226793,6.463205392502692,0,-0.5704047727545549,0,0,0
305,34,24.90911244289004,5.868260893577631,0,-0.5541130792564812,0,0,0
306,22,24.486041684611788,6.299326296586474,0,-0.7496134012333651,0,0,0
307,30,24.068797322862494,7.280026756819375,0,-0.6192798532487759,0,0,0
308,27,23.658183897946248,6.849593145192625,0,-0.6681549337429968,0,0,0
309,19,23.254989889474228,7.539386963245967,0,-0.7984884817275861,0,0,0
310,26,22.859985534684686,7.206447133386616,0,-0.6844466272410705,0,0,0
311,39,22.473920697037425,6.7634520073577455,0,-0.47265461176611295,0,0,0
312,22,22.097522790920774,7.546360715700676,0,-0.7496134012333651,0,0,0
313,30,21.731494768155265,6.763395895242979,0,-0.6192798532487759,0,0,0
314,34,21.376513171808714,6.996792906078236,0,-0.5541130792564812,0,0,0
315,26,21.033226262653294,6.322057427879175,0,-0.6844466272410705,0,0,0
316,39,20.70225222339584,6.539927489515523,0,-0.47265461176611295,0,0,0
317,32,20.38417744559972,6.081545706019834,0,-0.5866964662526285,0,0,0
318,25,20.0795549039899,7.0937503607569115,0,-0.7007383207391441,0,0,0
319,27,19.78890262259344,5.793017826131081,0,-0.6681549337429968,0,0,0
320,24,19.512702236915942,6.969410205450597,0,-0.7170300142372178,0,0,0
321,27,19.251397656091473,6.385609365496904,0,-0.6681549337429968,0,0,0
322,25,19.005393828669153,7.202748256080391,0,-0.7007383207391441,0,0,0
323,35,18.775055615416044,6.9505213932387555,0,-0.5378213857584075,0,0,0
324,23,18.56070677222238,7.592387694588081,0,-0.7333217077352915,0,0,0
325,26,18.3626290458936,6.938464814683186,0,-0.6844466272410705,0,0,0
326,26,18.18106138530415,5.556775846608056,0,-0.6844466272410705,0,0,0
327,22,18.01619927007217,6.45982809626108,0,-0.7496134012333651,0,0,0
328,22,17.86819415859162,5.7967956844431106,0,-0.7496134012333651,0,0,0
329,18,17.73715305693188,6.189032094580235,0,-0.8147801752256597,0,0,0
330,23,17.623138209783132,7.406737059966033,0,-0.7333217077352915,0,0,0
331,25,17.526166914291608,6.882520286538617,0,-0.7007383207391441,0,0,0
332,20,17.44621145729202,6.080641742852753,0,-0.7821967882295124,0,0,0
333,32,17.38319917610614,5.891769580135761,0,-0.5866964662526285,0,0,0
334,26,17.337012642738056,6.5196692557257565,0,-0.6844466272410705,0,0,0
335,33,17.30748997095829,5.770063910371324,0,-0.5704047727545549,0,0,0
336,32,17.29442524543233,6.097315833562051,0,-0.5866964662526285,0,0,0
337,27,17.297569071714463,6.687205682930746,0,-0.6681549337429968,0,0,0
338,30,17.31662924559679,7.193187221664018,0,-0.6192798532487759,0,0,0
339,24,17.351271539976008,6.865256883334664,0,-0.7170300142372178,0,0,0
340,27,17.401120607078617,5.12522629484114,0,-0.6681549337429968,0,0,0
341,31,17.46576099356882,6.682620037418156,0,-0.6029881597507022,0,0,0
342,25,17.544738265754596,6.543220143939546,0,-0.7007383207391441,0,0,0
343,19,17.637560241804746,6.748334171223616,0,-0.7984884817275861,0,0,0
344,25,17.743698327597443,7.469725808990725,0,-0.7007383207391441,0,0,0
345,29,17.862588952536296,5.262057033917154,0,-0.6355715467468496,0,0,0
346,25,17.993635101395657,6.145337944885337,0,-0.7007383207391441,0,0,0
347,23,18.136207937994723,6.8545437936760125,0,-0.7333217077352915,0,0,0
348,29,18.289648516247162,5.551043360327634,0,-0.6355715467468496,0,0,0
349,27,18.453269573894342,7.385569428832105,0,-0.6681549337429968,0,0,0
350,23,18.626357404003457,6.721013967620395,0,-0.7333217077352915,0,0,0
351,19,18.808173799098522,7.007950391506043,0,-0.7984884817275861,0,0,0
352,31,18.99795806259317,6.157433803086923,0,-0.6029881597507022,0,0,0
353,23,19.194929082010482,6.9882582139797265,0,-0.7333217077352915,0,0,0
354,26,19.398287458304242,7.141082933593423,0,-0.6844466272410705,0,0,0
355,20,19.60721768544414,6.639726812082301,0,-0.7821967882295124,0,0,0
356,24,19.82089037428814,6.640640535619218,0,-0.7170300142372178,0,0,0
357,27,20.038464514644495,6.6622059435690355,0,-0.6681549337429968,0,0,0
358,20,20.259089769321925,5.981992841156371,0,-0.7821967882295124,0,0,0
359,24,20.48190879387714,6.411482791855788,0,-0.7170300142372178,0,0,0
360,81,20.706059575700348,6.408486480528585,1,0.21159651515298064,0,0,0
361,19,20.930677786025118,6.730036318612097,0,-0.7984884817275861,0,0,0
362,62,21.15489913841429,7.099894548146176,1,-0.09794566131041883,0,0,0
363,26,21.377861747255128,5.864878350812955,0,-0.6844466272410705,0,0,0
364,25,21.598708479798237,6.424994581808253,0,-0.7007383207391441,0,0,0
365,57,21.816589295290896,7.388873328595384,1,-0.17940412880078713,0,0,0
366,22,22.030663564792007,6.053847062712461,0,-0.7496134012333651,0,0,0
367,37,22.24010236530858,6.006649989625807,0,-0.5052379987622603,0,0,0
368,27,22.44409074196344,6.621383715098716,0,-0.6681549337429968,0,0,0
369,26,22.641829931992866,7.006631114291192,0,-0.6844466272410705,0,0,0
370,21,22.832539544475765,6.506855633336396,0,-0.7659050947314388,0,0,0
371,34,23.015459689818925,7.297376354262194,0,-0.5541130792564812,0,0,0
372,42,23.189853053159688,7.014076389539916,0,-0.423779531271892,0,0,0
373,36,23.355006906001396,7.005092040134037,0,-0.521529692260334,0,0,0
374,31,23.510235050566422,6.832469900794456,0,-0.6029881597507022,0,0,0
375,31,23.65487969153576,7.896591860207651,0,-0.6029881597507022,0,0,0
376,28,23.7883132300435,6.376902986680373,0,-0.6518632402449231,0,0,0
377,27,23.909939975007305,5.297886624760092,0,-0.6681549337429968,0,0,0
378,22,24.019197767103115,7.462552616910284,0,-0.7496134012333651,0,0,0
379,29,24.115559510930836,6.225380341425905,0,-0.6355715467468496,0,0,0
380,33,24.198534611170878,6.56472826660582,0,-0.5704047727545549,0,0,0
381,25,24.267670308792802,7.285730410916316,0,-0.7007383207391441,0,0,0
382,30,24.322552913653066,5.5386442753646445,0,-0.6192798532487759,0,0,0
383,18,24.36280893010145,5.749011671536317,0,-0.8147801752256597,0,0,0
384,19,24.38810607251,5.539233237728688,0,-0.7984884817275861,0,0,0
385,31,24.398154167939424,6.023518225984746,0,-0.6029881597507022,0,0,0
386,32,24.39270594346767,6.763781963610196,0,-0.5866964662526285,0,0,0
387,26,24.371557696021345,6.814512705687663,0,-0.6844466272410705,0,0,0
388,70,24.334549842872676,6.665764507597133,1,0.032387886674170425,0,0,0
389,42,24.281567351292047,5.65234046966458,0,-0.423779531271892,0,0,0
390,21,24.21254004617712,5.113937938020413,0,-0.7659050947314388,0,0,0
391,30,24.127442794814264,6.532612151234229,0,-0.6192798532487759,0,0,0
392,28,24.026295568264537,6.2169343798169985,0,-0.6518632402449231,0,0,0
393,31,23.909163379205012,6.775631463029967,0,-0.6029881597507022,0,0,0
394,28,23.77615609639446,6.921172175732762,0,-0.6518632402449231,0,0,0
395,33,23.627428136271007,6.58294485923521,0,-0.5704047727545549,0,0,0
396,26,23.463178032525754,6.956079851225512,0,-0.6844466272410705,0,0,0
397,24,23.2836478848312,6.637526824469041,0,-0.7170300142372178,0,0,0
398,51,23.089122688234347,6.81803882336088,1,-0.27715428978922907,0,0,0
399,29,22.879929545051464,6.077196042278071,0,-0.6355715467468496,0,0,0
400,29,22.65643676142365,6.392233151701125,0,-0.6355715467468496,0,0,0
401,19,22.419052831008443,6.618065657994174,0,-0.7984884817275861,0,0,0
402,24,22.168225308592085,6.992317085250451,0,-0.7170300142372178,0,0,0
403,28,21.90443957670889,6.2637552966652565,0,-0.6518632402449231,0,0,0
404,28,21.628217508647033,6.812700353439268,0,-0.6518632402449231,0,0,0
405,33,21.34011603150494,6.340496724850772,0,-0.5704047727545549,0,0,0
406,32,21.04072559323532,6.429474699603122,0,-0.5866964662526285,0,0,0
407,30,20.730668537877982,6.997711425214444,0,-0.6192798532487759,0,0,0
408,28,20.41059739343391,5.304163777367506,0,-0.6518632402449231,0,0,0
409,28,20.081193077072086,5.722116603155143,0,-0.6518632402449231,0,0,0
410,38,19.743163022588234,5.610688761534307,0,-0.4889463052641866,0,0,0
411,23,19.397239235246513,5.099830328091017,0,-0.7333217077352915,0,0,0
412,25,19.044176279335147,6.093041335906894,0,-0.7007383207391441,0,0,0
413,25,18.684749203950975,6.949660339836644,0,-0.7007383207391441,0,0,0
414,28,18.31975141269763,6.329069560170455,0,-0.6518632402449231,0,0,0
415,20,17.949992483134928,6.6186740491651115,0,-0.7821967882295124,0,0,0
416,21,17.576295941956193,7.153530498026475,0,-0.7659050947314388,0,0,0
417,59,17.199497001990185,7.296611679360615,1,-0.1468207418046398,0,0,0
418,18,16.82044026722958,6.458517239164316,0,-0.8147801752256597,0,0,0
419,24,16.439977412176262,7.3121515337416385,0,-0.7170300142372178,0,0,0
420,26,16.0589648418623,6.555275995060465,0,-0.6844466272410705,0,0,0
421,17,15.678261338960697,5.997561065703523,0,-0.8310718687237334,0,0,0
422,35,15.29872570443345,6.143359788680759,1,-0.5378213857584075,0,0,0
423,17,14.921214398183475,5.61167809246099,0,-0.8310718687237334,0,0,0
424,14,14.546579186176155,5.9671196877598085,0,-0.8799469492179544,0,0,0
425,23,14.175664800479403,6.285189987155342,0,-0.7333217077352915,0,0,0
426,20,13.809306618634304,6.982151011627161,0,-0.7821967882295124,0,0,0
427,20,13.448328368717508,7.53246189869959,0,-0.7821967882295124,0,0,0
428,15,13.093539866383807,5.670691090773776,0,-0.8636552557198807,0,0,0
429,15,12.745734790091582,6.735696480955951,0,-0.8636552557198807,0,0,0
430,17,12.405688500608381,5.875673636505479,0,-0.8310718687237334,0,0,0
431,22,12.074155910771903,6.784818253077921,0,-0.7496134012333651,0,0,0
432,15,11.751869411345544,6.421348009587364,0,-0.8636552557198807,0,0,0
433,16,11.439536858652161,5.401456504491482,0,-0.8473635622218071,0,0,0
434,16,11.137839629501658,7.056978194941091,0,-0.8473635622218071,0,0,0
435,35,10.847430748742806,6.136999572314761,1,-0.5378213857584075,0,0,0
436,18,10.56893309457132,6.179659856975867,0,-0.8147801752256597,0,0,0
437,16,10.302937686512099,5.8581485532261866,0,-0.8473635622218071,0,0,0
438,16,10.05000206076842,6.107430033987467,0,-0.8473635622218071,0,0,0
439,17,9.81064873738968,6.75673426441695,0,-0.8310718687237334,0,0,0
440,21,9.585363783459144,6.386453395438156,0,-0.7659050947314388,0,0,0
441,14,9.374595476239175,6.697197201369488,0,-0.8799469492179544,0,0,0
442,13,9.178753069937356,6.717153112357306,0,-0.896238642716028,0,0,0
443,24,8.99820566947361,7.2923969933169,0,-0.7170300142372178,0,0,0
444,16,8.833281214334352,6.294328309481372,0,-0.8473635622218071,0,0,0
445,10,8.684265575298548,5.613885309892561,0,-0.945113723210249,0,0,0
446,14,8.551401766510843,7.140333449943189,0,-0.8799469492179544,0,0,0
447,17,8.434889275060986,6.301107096741648,0,-0.8310718687237334,0,0,0
448,10,8.334883509906604,7.168755466746426,0,-0.945113723210249,0,0,0
449,19,8.251495371649279,6.730026267909483,0,-0.7984884817275861,0,0,0
450,12,8.184790944342659,6.421317481877993,0,-0.9125303362141017,0,0,0
451,14,8.134791310176851,6.709265536427777,0,-0.8799469492179544,0,0,0
452,19,8.10147248754662,7.67060753607578,0,-0.7984884817275861,0,0,0
453,14,8.084765492672567,7.746188317432252,0,-0.8799469492179544,0,0,0
454,11,8.084556524606032,6.5416286810796676,0,-0.9288220297121753,0,0,0
455,5,8.100687273110156,6.596114355990245,0,-1.0265721907006173,0,1,1
456,15,8.132955348572695,7.145744094479832,0,-0.8636552557198807,0,0,0
457,8,8.18111483277195,5.992603380339592,0,-0.9776971102063963,0,1,1
458,18,8.244876948985592,6.699842223570953,0,-0.8147801752256597,0,0,0
459,11,8.323910849605417,6.484482291227686,0,-0.9288220297121753,0,0,0
460,14,8.417844519098558,6.6883449268745325,0,-0.8799469492179544,0,0,0
461,19,8.526265789840124,5.999978716430356,0,-0.7984884817275861,0,0,0
462,13,8.648723468032285,5.5462595040146185,0,-0.896238642716028,0,0,0
463,21,8.784728566623269,5.256209938405225,0,-0.7659050947314388,0,0,0
464,17,8.933755641846975,5.829569532206236,0,-0.8310718687237334,0,0,0
465,9,9.095244229718753,6.224794829036401,0,-0.9614054167083227,0,1,1
466,12,9.268600378550422,6.324085048010743,0,-0.9125303362141017,0,0,0
467,17,9.45319827328288,7.66233869745771,0,-0.8310718687237334,0,0,0
468,21,9.648381947184326,7.163596021944379,0,-0.7659050947314388,0,0,0
469,13,9.853467076221756,5.922745330195024,0,-0.896238642716028,0,0,0
470,15,10.067742851187333,6.708625071470574,0,-0.8636552557198807,0,0,0
471,21,10.290473922447553,6.255753058189805,0,-0.7659050947314388,0,0,0
472,6,10.520902411985013,6.329381697175943,0,-1.0102804972025436,0,1,1
473,19,10.75824998721697,6.611195389649229,0,-0.7984884817275861,0,0,0
474,14,11.001719990906532,6.871502670185236,0,-0.8799469492179544,0,0,0
475,23,11.25049962132817,6.2964449096695905,0,-0.7333217077352915,0,0,0
476,20,11.503762156711156,7.138310919640615,0,-0.7821967882295124,0,0,0
477,12,11.760669217864375,5.814837064314558,0,-0.9125303362141017,0,0,0
478,27,12.020373062779464,6.503803437417361,0,-0.6681549337429968,0,0,0
479,19,12.282018906923463,8.0586042359575,0,-0.7984884817275861,0,0,0
480,19,12.544747262860433,6.633847845575165,0,-0.7984884817275861,0,0,0
481,17,12.807696292789265,7.359928703963703,0,-0.8310718687237334,0,0,0
482,16,13.070004167548824,6.554912106903925,0,-0.8473635622218071,0,0,0
483,20,13.330811425624912,6.848466257197878,0,-0.7821967882295124,0,0,0
484,19,13.589263325692233,6.465930083364385,0,-0.7984884817275861,0,0,0
485,28,13.844512186243273,6.397755451301477,0,-0.6518632402449231,0,0,0
486,23,14.095719705891092,6.032310561964748,0,-0.7333217077352915,0,0,0
487,21,14.342059257985486,6.758180815374532,0,-0.7659050947314388,0,0,0
488,22,14.582718153253719,5.989077686488539,0,-0.7496134012333651,0,0,0
489,20,14.816899864262794,6.899351141788057,0,-0.7821967882295124,0,0,0
490,19,15.043826205606731,7.151172202667546,0,-0.7984884817275861,0,0,0
491,29,15.262739463842394,6.719918844342338,0,-0.6355715467468496,0,0,0
492,26,15.472904471335639,6.3282507598665845,0,-0.6844466272410705,0,0,0
493,24,15.67361061833359,6.772379347585217,0,-0.7170300142372178,0,0,0
494,27,15.864173797747258,6.314796166672153,0,-0.6681549337429968,0,0,0
495,19,16.043938277314282,7.06132827527909,0,-0.7984884817275861,0,0,0
496,22,16.21227849400979,5.401156349470925,0,-0.7496134012333651,0,0,0
497,13,16.36860076578692,6.2986355791288124,0,-0.896238642716028,0,0,0
498,28,16.512344915954685,5.305512802925602,0,-0.6518632402449231,0,0,0
499,21,16.64298580574129,5.602963501863677,0,-0.7659050947314388,0,0,0
